Foyer;Nom;Prénom;Société;Adresse
A;Pierre ;Martin;;
B;;;Société HLM de l’Aude (SHA);
C;Albert;Courcoul;;
D;Frédéric;Marchand;;
E;;;SCI Arro & Cie;
F;Jean-Charles;Monvoisin;;
G;Guy;Durand;;
H;Maeva;Livet;;
I;Alizée;Lieau;;
J;;;Aixoise d’HLM;
K;;;SCI Albert Camus;
L;;;SCI des Batignolles;
M;;;BAZELAT HABITAT;
N;;;PERIGORD HABITAT;
O;;;SCI des Alouettes;
P;Alexandre;Jaures;;
Q;Norbert;Detressangle;;
R;;;SCI USSE;
S;;;SCI THOMSON;
T;Théodore;Javel;;
U;;;OCCITANIE HLM;
V;Pascal;Alison;;
W;Dominique;Sarment;;
X;Clément;Poirrier;;
Y;;;MALOUIN HABITAT;
Z;Gertrude;Coréa;;
